customer_id,first_name,last_name,email
1,María,González,maría.gonzález.1@example.com
2,María,Silva,maría.silva.2@example.com
3,Juan,Pérez,juan.pérez.3@example.com
4,Lucas,Ruiz,lucas.ruiz.4@example.com
5,Mateo,Ruiz,mateo.ruiz.5@example.com
6,María,García,maría.garcía.6@example.com
7,Sofía,Flores,sofía.flores.7@example.com
8,Lucas,Sánchez,lucas.sánchez.8@example.com
9,Juan,Rodríguez,juan.rodríguez.9@example.com
10,Tomás,Fernández,tomás.fernández.10@example.com
11,Santiago,Álvarez,santiago.álvarez.11@example.com
12,Lucas,Gómez,lucas.gómez.12@example.com
13,Camila,Rodríguez,camila.rodríguez.13@example.com
14,Emma,García,emma.garcía.14@example.com
15,Felipe,Torres,felipe.torres.15@example.com
16,Emma,López,emma.lópez.16@example.com
17,Lara,Ruiz,lara.ruiz.17@example.com
18,Lucía,Medina,lucía.medina.18@example.com
19,Lucía,Martínez,lucía.martínez.19@example.com
20,Isabella,Molina,isabella.molina.20@example.com
21,Lucas,Díaz,lucas.díaz.21@example.com
22,Joaquín,Martínez,joaquín.martínez.22@example.com
23,Mateo,Medina,mateo.medina.23@example.com
24,Franco,Pérez,franco.pérez.24@example.com
25,Olivia,González,olivia.gonzález.25@example.com
26,Santiago,Sánchez,santiago.sánchez.26@example.com
27,Felipe,García,felipe.garcía.27@example.com
28,Felipe,Silva,felipe.silva.28@example.com
29,Lucas,Pérez,lucas.pérez.29@example.com
30,Olivia,Flores,olivia.flores.30@example.com
31,Alex,Rojas,alex.rojas.31@example.com
32,Juan,Rodríguez,juan.rodríguez.32@example.com
33,Juan,Medina,juan.medina.33@example.com
34,Lucas,López,lucas.lópez.34@example.com
35,Felipe,Ruiz,felipe.ruiz.35@example.com
36,Joaquín,Ruiz,joaquín.ruiz.36@example.com
37,Sofía,Torres,sofía.torres.37@example.com
38,Valentina,Pérez,valentina.pérez.38@example.com
39,Emma,Flores,emma.flores.39@example.com
40,Lucas,Fernández,lucas.fernández.40@example.com
41,Juan,Gómez,juan.gómez.41@example.com
42,Isabella,Rodríguez,isabella.rodríguez.42@example.com
43,Martina,Sánchez,martina.sánchez.43@example.com
44,Valentina,Sánchez,valentina.sánchez.44@example.com
45,Camila,Rodríguez,camila.rodríguez.45@example.com
46,Mateo,Rodríguez,mateo.rodríguez.46@example.com
47,Franco,García,franco.garcía.47@example.com
48,Lara,Gómez,lara.gómez.48@example.com
49,Lara,Rojas,lara.rojas.49@example.com
50,Camila,Gómez,camila.gómez.50@example.com
51,Camila,García,camila.garcía.51@example.com
52,Lucas,Pérez,lucas.pérez.52@example.com
53,Tomás,Álvarez,tomás.álvarez.53@example.com
54,Franco,Medina,franco.medina.54@example.com
55,Lucía,Díaz,lucía.díaz.55@example.com
56,Benjamín,Molina,benjamín.molina.56@example.com
57,Olivia,Acosta,olivia.acosta.57@example.com
58,Joaquín,Díaz,joaquín.díaz.58@example.com
59,Mateo,Flores,mateo.flores.59@example.com
60,Juan,López,juan.lópez.60@example.com
61,Joaquín,López,joaquín.lópez.61@example.com
62,Valentina,Gómez,valentina.gómez.62@example.com
63,Tomás,Martínez,tomás.martínez.63@example.com
64,Alex,Martínez,alex.martínez.64@example.com
65,Emma,Martínez,emma.martínez.65@example.com
66,Felipe,Gómez,felipe.gómez.66@example.com
67,Benjamín,Gómez,benjamín.gómez.67@example.com
68,Camila,Díaz,camila.díaz.68@example.com
69,Olivia,Torres,olivia.torres.69@example.com
70,Alex,Fernández,alex.fernández.70@example.com
71,Sofía,Fernández,sofía.fernández.71@example.com
72,Franco,Medina,franco.medina.72@example.com
73,Sofía,Ruiz,sofía.ruiz.73@example.com
74,Santiago,Ruiz,santiago.ruiz.74@example.com
75,María,Sánchez,maría.sánchez.75@example.com
76,Isabella,Sánchez,isabella.sánchez.76@example.com
77,Mateo,Molina,mateo.molina.77@example.com
78,Benjamín,Sánchez,benjamín.sánchez.78@example.com
79,Martina,Flores,martina.flores.79@example.com
80,Juan,Sánchez,juan.sánchez.80@example.com
81,Tomás,Sánchez,tomás.sánchez.81@example.com
82,Sofía,Gómez,sofía.gómez.82@example.com
83,Joaquín,Rojas,joaquín.rojas.83@example.com
84,Isabella,Gómez,isabella.gómez.84@example.com
85,Joaquín,Gómez,joaquín.gómez.85@example.com
86,Sofía,Silva,sofía.silva.86@example.com
87,Lucía,Flores,lucía.flores.87@example.com
88,Franco,Medina,franco.medina.88@example.com
89,Mateo,Acosta,mateo.acosta.89@example.com
90,Olivia,Acosta,olivia.acosta.90@example.com
91,Benjamín,Gómez,benjamín.gómez.91@example.com
92,Lucía,López,lucía.lópez.92@example.com
93,Juan,Ruiz,juan.ruiz.93@example.com
94,Sofía,Pérez,sofía.pérez.94@example.com
95,Felipe,González,felipe.gonzález.95@example.com
96,Lucas,Silva,lucas.silva.96@example.com
97,Tomás,Díaz,tomás.díaz.97@example.com
98,Isabella,Martínez,isabella.martínez.98@example.com
99,Alex,Torres,alex.torres.99@example.com
100,Joaquín,López,joaquín.lópez.100@example.com
101,Isabella,Romero,isabella.romero.101@example.com
102,Emma,Ruiz,emma.ruiz.102@example.com
103,Lucas,Rodríguez,lucas.rodríguez.103@example.com
104,Alex,Gómez,alex.gómez.104@example.com
105,Lucía,Acosta,lucía.acosta.105@example.com
106,Emma,Álvarez,emma.álvarez.106@example.com
107,Benjamín,Fernández,benjamín.fernández.107@example.com
108,Isabella,Pérez,isabella.pérez.108@example.com
109,Benjamín,Molina,benjamín.molina.109@example.com
110,Lucas,Ruiz,lucas.ruiz.110@example.com
111,Alex,Ruiz,alex.ruiz.111@example.com
112,Martina,López,martina.lópez.112@example.com
113,Franco,Silva,franco.silva.113@example.com
114,Camila,Gómez,camila.gómez.114@example.com
115,Tomás,Flores,tomás.flores.115@example.com
116,Alex,Acosta,alex.acosta.116@example.com
117,Santiago,Díaz,santiago.díaz.117@example.com
118,Olivia,Pérez,olivia.pérez.118@example.com
119,Lucas,Gómez,lucas.gómez.119@example.com
120,Alex,García,alex.garcía.120@example.com
121,Lara,Álvarez,lara.álvarez.121@example.com
122,Lucas,Romero,lucas.romero.122@example.com
123,Emma,Gómez,emma.gómez.123@example.com
124,Lucas,Martínez,lucas.martínez.124@example.com
125,Lara,Medina,lara.medina.125@example.com
126,Benjamín,Gómez,benjamín.gómez.126@example.com
127,Lucía,Díaz,lucía.díaz.127@example.com
128,Felipe,Fernández,felipe.fernández.128@example.com
129,Felipe,Flores,felipe.flores.129@example.com
130,Felipe,Fernández,felipe.fernández.130@example.com
131,Lara,Rodríguez,lara.rodríguez.131@example.com
132,Tomás,Fernández,tomás.fernández.132@example.com
133,Isabella,Flores,isabella.flores.133@example.com
134,Lara,Molina,lara.molina.134@example.com
135,Valentina,Díaz,valentina.díaz.135@example.com
136,Lucas,García,lucas.garcía.136@example.com
137,Benjamín,Rodríguez,benjamín.rodríguez.137@example.com
138,Juan,Gómez,juan.gómez.138@example.com
139,María,Silva,maría.silva.139@example.com
140,Juan,Rodríguez,juan.rodríguez.140@example.com
141,María,Flores,maría.flores.141@example.com
142,Olivia,Silva,olivia.silva.142@example.com
143,Camila,Molina,camila.molina.143@example.com
144,Emma,Rojas,emma.rojas.144@example.com
145,Olivia,Flores,olivia.flores.145@example.com
146,Juan,Acosta,juan.acosta.146@example.com
147,Mateo,Romero,mateo.romero.147@example.com
148,Lucas,Rodríguez,lucas.rodríguez.148@example.com
149,María,Torres,maría.torres.149@example.com
150,Martina,Ruiz,martina.ruiz.150@example.com
151,Martina,Rodríguez,martina.rodríguez.151@example.com
152,Martina,Acosta,martina.acosta.152@example.com
153,Benjamín,Silva,benjamín.silva.153@example.com
154,María,Flores,maría.flores.154@example.com
155,Benjamín,Medina,benjamín.medina.155@example.com
156,Tomás,Flores,tomás.flores.156@example.com
157,Lucía,García,lucía.garcía.157@example.com
158,Olivia,Díaz,olivia.díaz.158@example.com
159,Lucía,Flores,lucía.flores.159@example.com
160,Isabella,Flores,isabella.flores.160@example.com
161,Lara,Torres,lara.torres.161@example.com
162,Camila,Acosta,camila.acosta.162@example.com
163,Lucía,Acosta,lucía.acosta.163@example.com
164,María,Flores,maría.flores.164@example.com
165,Lucía,Ruiz,lucía.ruiz.165@example.com
166,Felipe,Díaz,felipe.díaz.166@example.com
167,Camila,Silva,camila.silva.167@example.com
168,Sofía,Molina,sofía.molina.168@example.com
169,Juan,Ruiz,juan.ruiz.169@example.com
170,Mateo,Sánchez,mateo.sánchez.170@example.com
171,Benjamín,Álvarez,benjamín.álvarez.171@example.com
172,Joaquín,Rojas,joaquín.rojas.172@example.com
173,Juan,Molina,juan.molina.173@example.com
174,Lara,López,lara.lópez.174@example.com
175,Emma,González,emma.gonzález.175@example.com
176,Mateo,García,mateo.garcía.176@example.com
177,Emma,Flores,emma.flores.177@example.com
178,María,Gómez,maría.gómez.178@example.com
179,Alex,Torres,alex.torres.179@example.com
180,Benjamín,Gómez,benjamín.gómez.180@example.com
181,Franco,Díaz,franco.díaz.181@example.com
182,Sofía,Sánchez,sofía.sánchez.182@example.com
183,Juan,Sánchez,juan.sánchez.183@example.com
184,Lucía,Silva,lucía.silva.184@example.com
185,Emma,Martínez,emma.martínez.185@example.com
186,Camila,Fernández,camila.fernández.186@example.com
187,Isabella,Silva,isabella.silva.187@example.com
188,Emma,Silva,emma.silva.188@example.com
189,Santiago,Fernández,santiago.fernández.189@example.com
190,Franco,Gómez,franco.gómez.190@example.com
191,Joaquín,Fernández,joaquín.fernández.191@example.com
192,Felipe,Fernández,felipe.fernández.192@example.com
193,Isabella,Flores,isabella.flores.193@example.com
194,Lara,López,lara.lópez.194@example.com
195,Franco,Ruiz,franco.ruiz.195@example.com
196,Valentina,Flores,valentina.flores.196@example.com
197,Santiago,Silva,santiago.silva.197@example.com
198,Isabella,Díaz,isabella.díaz.198@example.com
199,Valentina,Molina,valentina.molina.199@example.com
200,Lucía,Rojas,lucía.rojas.200@example.com
201,Tomás,Romero,tomás.romero.201@example.com
202,Lucía,López,lucía.lópez.202@example.com
203,Alex,López,alex.lópez.203@example.com
204,Alex,Martínez,alex.martínez.204@example.com
205,María,García,maría.garcía.205@example.com
206,Lara,Fernández,lara.fernández.206@example.com
207,Benjamín,Flores,benjamín.flores.207@example.com
208,Isabella,Ruiz,isabella.ruiz.208@example.com
209,Juan,Romero,juan.romero.209@example.com
210,Franco,Rojas,franco.rojas.210@example.com
211,Benjamín,Flores,benjamín.flores.211@example.com
212,Lucas,Pérez,lucas.pérez.212@example.com
213,Camila,Flores,camila.flores.213@example.com
214,Joaquín,Romero,joaquín.romero.214@example.com
215,Juan,García,juan.garcía.215@example.com
216,Santiago,López,santiago.lópez.216@example.com
217,Joaquín,Álvarez,joaquín.álvarez.217@example.com
218,Benjamín,Molina,benjamín.molina.218@example.com
219,Lucía,Acosta,lucía.acosta.219@example.com
220,María,Díaz,maría.díaz.220@example.com
221,Franco,Díaz,franco.díaz.221@example.com
222,Santiago,González,santiago.gonzález.222@example.com
223,Lucía,González,lucía.gonzález.223@example.com
224,Joaquín,Flores,joaquín.flores.224@example.com
225,Lara,Molina,lara.molina.225@example.com
226,Franco,Rodríguez,franco.rodríguez.226@example.com
227,Felipe,Molina,felipe.molina.227@example.com
228,María,Álvarez,maría.álvarez.228@example.com
229,Benjamín,Rodríguez,benjamín.rodríguez.229@example.com
230,Valentina,Sánchez,valentina.sánchez.230@example.com
231,Benjamín,Romero,benjamín.romero.231@example.com
232,Lucía,Torres,lucía.torres.232@example.com
233,Juan,Torres,juan.torres.233@example.com
234,Martina,García,martina.garcía.234@example.com
235,Joaquín,Sánchez,joaquín.sánchez.235@example.com
236,Franco,Flores,franco.flores.236@example.com
237,Joaquín,Fernández,joaquín.fernández.237@example.com
238,Juan,Torres,juan.torres.238@example.com
239,Camila,Martínez,camila.martínez.239@example.com
240,Olivia,Pérez,olivia.pérez.240@example.com
241,Tomás,Fernández,tomás.fernández.241@example.com
242,Juan,Martínez,juan.martínez.242@example.com
243,Lara,Rojas,lara.rojas.243@example.com
244,Lucía,Flores,lucía.flores.244@example.com
245,Lara,Rodríguez,lara.rodríguez.245@example.com
246,Martina,Rodríguez,martina.rodríguez.246@example.com
247,Juan,Molina,juan.molina.247@example.com
248,Martina,Rojas,martina.rojas.248@example.com
249,Lucía,Rodríguez,lucía.rodríguez.249@example.com
250,Olivia,Martínez,olivia.martínez.250@example.com
251,Olivia,Medina,olivia.medina.251@example.com
252,Isabella,Ruiz,isabella.ruiz.252@example.com
253,Juan,Romero,juan.romero.253@example.com
254,Emma,Molina,emma.molina.254@example.com
255,Santiago,Sánchez,santiago.sánchez.255@example.com
256,Franco,García,franco.garcía.256@example.com
257,Olivia,García,olivia.garcía.257@example.com
258,Alex,Álvarez,alex.álvarez.258@example.com
259,Felipe,Pérez,felipe.pérez.259@example.com
260,Benjamín,Fernández,benjamín.fernández.260@example.com
261,Camila,Molina,camila.molina.261@example.com
262,Mateo,Molina,mateo.molina.262@example.com
263,Joaquín,Álvarez,joaquín.álvarez.263@example.com
264,Martina,Gómez,martina.gómez.264@example.com
265,Santiago,Rojas,santiago.rojas.265@example.com
266,Olivia,Medina,olivia.medina.266@example.com
267,Emma,Rodríguez,emma.rodríguez.267@example.com
268,Olivia,Fernández,olivia.fernández.268@example.com
269,Martina,Medina,martina.medina.269@example.com
270,Martina,Álvarez,martina.álvarez.270@example.com
271,Olivia,Álvarez,olivia.álvarez.271@example.com
272,Tomás,González,tomás.gonzález.272@example.com
273,Lucía,Rodríguez,lucía.rodríguez.273@example.com
274,Felipe,Flores,felipe.flores.274@example.com
275,Emma,Pérez,emma.pérez.275@example.com
276,María,Sánchez,maría.sánchez.276@example.com
277,Joaquín,Molina,joaquín.molina.277@example.com
278,Alex,Medina,alex.medina.278@example.com
279,Joaquín,González,joaquín.gonzález.279@example.com
280,Juan,Medina,juan.medina.280@example.com
281,Olivia,Medina,olivia.medina.281@example.com
282,Isabella,Álvarez,isabella.álvarez.282@example.com
283,Santiago,Gómez,santiago.gómez.283@example.com
284,Lucía,Rodríguez,lucía.rodríguez.284@example.com
285,Felipe,Martínez,felipe.martínez.285@example.com
286,Benjamín,Pérez,benjamín.pérez.286@example.com
287,Benjamín,Medina,benjamín.medina.287@example.com
288,Emma,Rodríguez,emma.rodríguez.288@example.com
289,Sofía,Romero,sofía.romero.289@example.com
290,Isabella,Flores,isabella.flores.290@example.com
291,Felipe,Acosta,felipe.acosta.291@example.com
292,Juan,Ruiz,juan.ruiz.292@example.com
293,Benjamín,Romero,benjamín.romero.293@example.com
294,Martina,Molina,martina.molina.294@example.com
295,Martina,Rodríguez,martina.rodríguez.295@example.com
296,Emma,Rodríguez,emma.rodríguez.296@example.com
297,Olivia,Martínez,olivia.martínez.297@example.com
298,Lucía,García,lucía.garcía.298@example.com
299,Isabella,Rojas,isabella.rojas.299@example.com
300,Santiago,Flores,santiago.flores.300@example.com
301,Santiago,Torres,santiago.torres.301@example.com
302,Alex,Martínez,alex.martínez.302@example.com
303,Emma,Flores,emma.flores.303@example.com
304,Valentina,Fernández,valentina.fernández.304@example.com
305,Martina,García,martina.garcía.305@example.com
306,Juan,Silva,juan.silva.306@example.com
307,Mateo,Álvarez,mateo.álvarez.307@example.com
308,Tomás,Acosta,tomás.acosta.308@example.com
309,Lucas,López,lucas.lópez.309@example.com
310,Isabella,Acosta,isabella.acosta.310@example.com
311,Lucía,Romero,lucía.romero.311@example.com
312,Santiago,López,santiago.lópez.312@example.com
313,Joaquín,Medina,joaquín.medina.313@example.com
314,Lucía,Sánchez,lucía.sánchez.314@example.com
315,Olivia,Sánchez,olivia.sánchez.315@example.com
316,Lucía,Sánchez,lucía.sánchez.316@example.com
317,Lara,Rojas,lara.rojas.317@example.com
318,Alex,García,alex.garcía.318@example.com
319,Lara,Ruiz,lara.ruiz.319@example.com
320,Benjamín,Sánchez,benjamín.sánchez.320@example.com
321,Martina,García,martina.garcía.321@example.com
322,Felipe,Flores,felipe.flores.322@example.com
323,Camila,Álvarez,camila.álvarez.323@example.com
324,Lucas,Fernández,lucas.fernández.324@example.com
325,Martina,Gómez,martina.gómez.325@example.com
326,Franco,Ruiz,franco.ruiz.326@example.com
327,Lara,Romero,lara.romero.327@example.com
328,Martina,Acosta,martina.acosta.328@example.com
329,Isabella,Medina,isabella.medina.329@example.com
330,Sofía,Rodríguez,sofía.rodríguez.330@example.com
331,Lucas,González,lucas.gonzález.331@example.com
332,Santiago,Torres,santiago.torres.332@example.com
333,Santiago,Silva,santiago.silva.333@example.com
334,Lucas,Díaz,lucas.díaz.334@example.com
335,María,Torres,maría.torres.335@example.com
336,Lucía,Pérez,lucía.pérez.336@example.com
337,Sofía,Rodríguez,sofía.rodríguez.337@example.com
338,Martina,López,martina.lópez.338@example.com
339,Franco,Romero,franco.romero.339@example.com
340,Olivia,Medina,olivia.medina.340@example.com
341,Alex,Álvarez,alex.álvarez.341@example.com
342,Alex,Molina,alex.molina.342@example.com
343,Lara,Acosta,lara.acosta.343@example.com
344,Tomás,Rodríguez,tomás.rodríguez.344@example.com
345,Alex,Flores,alex.flores.345@example.com
346,Joaquín,Medina,joaquín.medina.346@example.com
347,Lucía,Medina,lucía.medina.347@example.com
348,Isabella,Romero,isabella.romero.348@example.com
349,Lucas,Álvarez,lucas.álvarez.349@example.com
350,Valentina,Gómez,valentina.gómez.350@example.com
351,Benjamín,Pérez,benjamín.pérez.351@example.com
352,Santiago,Silva,santiago.silva.352@example.com
353,María,Rojas,maría.rojas.353@example.com
354,Lucía,Sánchez,lucía.sánchez.354@example.com
355,Martina,Díaz,martina.díaz.355@example.com
356,Emma,Silva,emma.silva.356@example.com
357,Tomás,Rodríguez,tomás.rodríguez.357@example.com
358,Sofía,Fernández,sofía.fernández.358@example.com
359,Lucía,González,lucía.gonzález.359@example.com
360,Felipe,Acosta,felipe.acosta.360@example.com
361,Benjamín,Rodríguez,benjamín.rodríguez.361@example.com
362,Sofía,Martínez,sofía.martínez.362@example.com
363,Isabella,Acosta,isabella.acosta.363@example.com
364,Alex,Sánchez,alex.sánchez.364@example.com
365,Martina,Silva,martina.silva.365@example.com
366,Martina,Díaz,martina.díaz.366@example.com
367,Martina,Díaz,martina.díaz.367@example.com
368,Lara,Pérez,lara.pérez.368@example.com
369,Olivia,Romero,olivia.romero.369@example.com
370,Lucía,Acosta,lucía.acosta.370@example.com
371,Isabella,Gómez,isabella.gómez.371@example.com
372,Lara,Rojas,lara.rojas.372@example.com
373,Sofía,Fernández,sofía.fernández.373@example.com
374,Benjamín,Fernández,benjamín.fernández.374@example.com
375,Franco,Gómez,franco.gómez.375@example.com
376,Martina,Molina,martina.molina.376@example.com
377,Lucas,Pérez,lucas.pérez.377@example.com
378,Martina,Medina,martina.medina.378@example.com
379,Lucas,Medina,lucas.medina.379@example.com
380,Camila,Medina,camila.medina.380@example.com
381,Juan,Medina,juan.medina.381@example.com
382,Olivia,Ruiz,olivia.ruiz.382@example.com
383,Alex,Torres,alex.torres.383@example.com
384,Sofía,Ruiz,sofía.ruiz.384@example.com
385,Juan,Acosta,juan.acosta.385@example.com
386,Joaquín,Álvarez,joaquín.álvarez.386@example.com
387,Juan,Silva,juan.silva.387@example.com
388,Mateo,Silva,mateo.silva.388@example.com
389,Alex,Sánchez,alex.sánchez.389@example.com
390,Lucas,Torres,lucas.torres.390@example.com
391,Lucía,Díaz,lucía.díaz.391@example.com
392,Joaquín,Molina,joaquín.molina.392@example.com
393,Valentina,García,valentina.garcía.393@example.com
394,Tomás,Rodríguez,tomás.rodríguez.394@example.com
395,Sofía,López,sofía.lópez.395@example.com
396,Lara,Molina,lara.molina.396@example.com
397,Benjamín,López,benjamín.lópez.397@example.com
398,Emma,Rodríguez,emma.rodríguez.398@example.com
399,Lucas,Acosta,lucas.acosta.399@example.com
400,Camila,Ruiz,camila.ruiz.400@example.com
401,Lucas,Acosta,lucas.acosta.401@example.com
402,Martina,Rodríguez,martina.rodríguez.402@example.com
403,Lucía,Torres,lucía.torres.403@example.com
404,Martina,Álvarez,martina.álvarez.404@example.com
405,Emma,Torres,emma.torres.405@example.com
406,Valentina,Rojas,valentina.rojas.406@example.com
407,Valentina,Romero,valentina.romero.407@example.com
408,Valentina,Fernández,valentina.fernández.408@example.com
409,Franco,Pérez,franco.pérez.409@example.com
410,Isabella,Flores,isabella.flores.410@example.com
411,Santiago,Medina,santiago.medina.411@example.com
412,Camila,Pérez,camila.pérez.412@example.com
413,Lucía,González,lucía.gonzález.413@example.com
414,Lucía,Pérez,lucía.pérez.414@example.com
415,Lucas,Romero,lucas.romero.415@example.com
416,Martina,Martínez,martina.martínez.416@example.com
417,Lucas,Acosta,lucas.acosta.417@example.com
418,Olivia,Rodríguez,olivia.rodríguez.418@example.com
419,Joaquín,López,joaquín.lópez.419@example.com
420,Alex,Pérez,alex.pérez.420@example.com
421,Felipe,González,felipe.gonzález.421@example.com
422,Alex,Medina,alex.medina.422@example.com
423,Olivia,Ruiz,olivia.ruiz.423@example.com
424,María,Medina,maría.medina.424@example.com
425,Santiago,Díaz,santiago.díaz.425@example.com
426,Martina,Rojas,martina.rojas.426@example.com
427,Juan,Rodríguez,juan.rodríguez.427@example.com
428,Sofía,González,sofía.gonzález.428@example.com
429,Camila,Rojas,camila.rojas.429@example.com
430,Tomás,Pérez,tomás.pérez.430@example.com
431,Sofía,García,sofía.garcía.431@example.com
432,Mateo,Romero,mateo.romero.432@example.com
433,Juan,Sánchez,juan.sánchez.433@example.com
434,Camila,Torres,camila.torres.434@example.com
435,Santiago,Rodríguez,santiago.rodríguez.435@example.com
436,Franco,Molina,franco.molina.436@example.com
437,Emma,Flores,emma.flores.437@example.com
438,Mateo,Rojas,mateo.rojas.438@example.com
439,Juan,García,juan.garcía.439@example.com
440,Camila,Álvarez,camila.álvarez.440@example.com
441,Santiago,Díaz,santiago.díaz.441@example.com
442,Martina,Silva,martina.silva.442@example.com
443,Juan,Álvarez,juan.álvarez.443@example.com
444,Alex,Sánchez,alex.sánchez.444@example.com
445,Lara,Medina,lara.medina.445@example.com
446,Emma,Sánchez,emma.sánchez.446@example.com
447,Joaquín,Díaz,joaquín.díaz.447@example.com
448,Emma,Gómez,emma.gómez.448@example.com
449,María,López,maría.lópez.449@example.com
450,Franco,Torres,franco.torres.450@example.com
451,Joaquín,Molina,joaquín.molina.451@example.com
452,Camila,Martínez,camila.martínez.452@example.com
453,Felipe,Rojas,felipe.rojas.453@example.com
454,Isabella,Álvarez,isabella.álvarez.454@example.com
455,Mateo,Silva,mateo.silva.455@example.com
456,Martina,Sánchez,martina.sánchez.456@example.com
457,Lucía,Sánchez,lucía.sánchez.457@example.com
458,Isabella,García,isabella.garcía.458@example.com
459,Lucas,Medina,lucas.medina.459@example.com
460,Sofía,Álvarez,sofía.álvarez.460@example.com
461,María,Gómez,maría.gómez.461@example.com
462,Lara,Torres,lara.torres.462@example.com
463,Alex,Fernández,alex.fernández.463@example.com
464,Martina,Álvarez,martina.álvarez.464@example.com
465,Santiago,González,santiago.gonzález.465@example.com
466,María,López,maría.lópez.466@example.com
467,Olivia,Acosta,olivia.acosta.467@example.com
468,Camila,García,camila.garcía.468@example.com
469,Camila,Fernández,camila.fernández.469@example.com
470,Mateo,Silva,mateo.silva.470@example.com
471,Tomás,Torres,tomás.torres.471@example.com
472,Alex,Molina,alex.molina.472@example.com
473,Alex,Pérez,alex.pérez.473@example.com
474,Lucas,Martínez,lucas.martínez.474@example.com
475,Emma,Acosta,emma.acosta.475@example.com
476,Franco,Torres,franco.torres.476@example.com
477,Franco,Martínez,franco.martínez.477@example.com
478,Lucía,Romero,lucía.romero.478@example.com
479,Santiago,López,santiago.lópez.479@example.com
480,Joaquín,Martínez,joaquín.martínez.480@example.com
481,Felipe,Sánchez,felipe.sánchez.481@example.com
482,Santiago,González,santiago.gonzález.482@example.com
483,Felipe,Ruiz,felipe.ruiz.483@example.com
484,Mateo,García,mateo.garcía.484@example.com
485,Sofía,Díaz,sofía.díaz.485@example.com
486,Lara,Acosta,lara.acosta.486@example.com
487,Lucas,Álvarez,lucas.álvarez.487@example.com
488,Lucas,Pérez,lucas.pérez.488@example.com
489,Sofía,Flores,sofía.flores.489@example.com
490,María,Gómez,maría.gómez.490@example.com
491,Mateo,Molina,mateo.molina.491@example.com
492,Lara,Álvarez,lara.álvarez.492@example.com
493,Camila,Sánchez,camila.sánchez.493@example.com
494,Lucía,Ruiz,lucía.ruiz.494@example.com
495,Lucía,Gómez,lucía.gómez.495@example.com
496,Felipe,López,felipe.lópez.496@example.com
497,Martina,García,martina.garcía.497@example.com
498,Olivia,Díaz,olivia.díaz.498@example.com
499,Felipe,Romero,felipe.romero.499@example.com
500,Santiago,García,santiago.garcía.500@example.com
501,Valentina,Acosta,valentina.acosta.501@example.com
502,Lucas,Rojas,lucas.rojas.502@example.com
503,Sofía,Rodríguez,sofía.rodríguez.503@example.com
504,María,Martínez,maría.martínez.504@example.com
505,Lucía,Sánchez,lucía.sánchez.505@example.com
506,Santiago,Díaz,santiago.díaz.506@example.com
507,Isabella,Sánchez,isabella.sánchez.507@example.com
508,Juan,Fernández,juan.fernández.508@example.com
509,Lara,Gómez,lara.gómez.509@example.com
510,Camila,Fernández,camila.fernández.510@example.com
511,Juan,Gómez,juan.gómez.511@example.com
512,Camila,Álvarez,camila.álvarez.512@example.com
513,Lucía,García,lucía.garcía.513@example.com
514,Santiago,Pérez,santiago.pérez.514@example.com
515,Valentina,García,valentina.garcía.515@example.com
516,Santiago,Ruiz,santiago.ruiz.516@example.com
517,Juan,Gómez,juan.gómez.517@example.com
518,Benjamín,Pérez,benjamín.pérez.518@example.com
519,Benjamín,Rodríguez,benjamín.rodríguez.519@example.com
520,Isabella,Fernández,isabella.fernández.520@example.com
521,Alex,Álvarez,alex.álvarez.521@example.com
522,Santiago,Silva,santiago.silva.522@example.com
523,Alex,Rojas,alex.rojas.523@example.com
524,Sofía,Torres,sofía.torres.524@example.com
525,Joaquín,Torres,joaquín.torres.525@example.com
526,Emma,García,emma.garcía.526@example.com
527,Lucas,Romero,lucas.romero.527@example.com
528,Joaquín,Gómez,joaquín.gómez.528@example.com
529,Martina,Molina,martina.molina.529@example.com
530,Alex,López,alex.lópez.530@example.com
531,Olivia,Medina,olivia.medina.531@example.com
532,Santiago,López,santiago.lópez.532@example.com
533,Alex,Romero,alex.romero.533@example.com
534,Emma,Rojas,emma.rojas.534@example.com
535,Santiago,Rodríguez,santiago.rodríguez.535@example.com
536,Mateo,Díaz,mateo.díaz.536@example.com
537,Olivia,González,olivia.gonzález.537@example.com
538,Sofía,Acosta,sofía.acosta.538@example.com
539,Sofía,Silva,sofía.silva.539@example.com
540,Camila,Gómez,camila.gómez.540@example.com
541,Juan,Rojas,juan.rojas.541@example.com
542,Tomás,Medina,tomás.medina.542@example.com
543,Benjamín,Sánchez,benjamín.sánchez.543@example.com
544,Santiago,Pérez,santiago.pérez.544@example.com
545,Martina,Álvarez,martina.álvarez.545@example.com
546,Tomás,López,tomás.lópez.546@example.com
547,Lucas,Álvarez,lucas.álvarez.547@example.com
548,Alex,Torres,alex.torres.548@example.com
549,Valentina,Medina,valentina.medina.549@example.com
550,Emma,García,emma.garcía.550@example.com
551,Santiago,Flores,santiago.flores.551@example.com
552,Lucía,Torres,lucía.torres.552@example.com
553,Lucía,Gómez,lucía.gómez.553@example.com
554,Camila,Romero,camila.romero.554@example.com
555,Lucía,Rojas,lucía.rojas.555@example.com
556,Martina,Romero,martina.romero.556@example.com
557,Martina,Sánchez,martina.sánchez.557@example.com
558,Mateo,Sánchez,mateo.sánchez.558@example.com
559,Camila,López,camila.lópez.559@example.com
560,Olivia,Rodríguez,olivia.rodríguez.560@example.com
561,Isabella,Flores,isabella.flores.561@example.com
562,Martina,Fernández,martina.fernández.562@example.com
563,Sofía,Gómez,sofía.gómez.563@example.com
564,Juan,Rojas,juan.rojas.564@example.com
565,Juan,Pérez,juan.pérez.565@example.com
566,Camila,Fernández,camila.fernández.566@example.com
567,Lara,Ruiz,lara.ruiz.567@example.com
568,Isabella,Ruiz,isabella.ruiz.568@example.com
569,Emma,Flores,emma.flores.569@example.com
570,Felipe,Ruiz,felipe.ruiz.570@example.com
571,Emma,Torres,emma.torres.571@example.com
572,Lucas,González,lucas.gonzález.572@example.com
573,Lucas,Acosta,lucas.acosta.573@example.com
574,Isabella,Díaz,isabella.díaz.574@example.com
575,Emma,Rodríguez,emma.rodríguez.575@example.com
576,Lara,Gómez,lara.gómez.576@example.com
577,Emma,Silva,emma.silva.577@example.com
578,Lara,Torres,lara.torres.578@example.com
579,Tomás,Rojas,tomás.rojas.579@example.com
580,Santiago,Rojas,santiago.rojas.580@example.com
581,Lucas,Sánchez,lucas.sánchez.581@example.com
582,Tomás,Molina,tomás.molina.582@example.com
583,Camila,Molina,camila.molina.583@example.com
584,Camila,Rodríguez,camila.rodríguez.584@example.com
585,Olivia,Álvarez,olivia.álvarez.585@example.com
586,Camila,Sánchez,camila.sánchez.586@example.com
587,Felipe,Romero,felipe.romero.587@example.com
588,Lara,Martínez,lara.martínez.588@example.com
589,Mateo,González,mateo.gonzález.589@example.com
590,Mateo,Molina,mateo.molina.590@example.com
591,Felipe,López,felipe.lópez.591@example.com
592,Camila,Martínez,camila.martínez.592@example.com
593,Martina,González,martina.gonzález.593@example.com
594,Emma,Fernández,emma.fernández.594@example.com
595,Joaquín,Martínez,joaquín.martínez.595@example.com
596,Lucas,Torres,lucas.torres.596@example.com
597,Martina,García,martina.garcía.597@example.com
598,Camila,Díaz,camila.díaz.598@example.com
599,Isabella,Martínez,isabella.martínez.599@example.com
600,Franco,Molina,franco.molina.600@example.com
601,Mateo,Molina,mateo.molina.601@example.com
602,Camila,Pérez,camila.pérez.602@example.com
603,Benjamín,Sánchez,benjamín.sánchez.603@example.com
604,Lucía,Rodríguez,lucía.rodríguez.604@example.com
605,Franco,Acosta,franco.acosta.605@example.com
606,Benjamín,García,benjamín.garcía.606@example.com
607,Felipe,Acosta,felipe.acosta.607@example.com
608,Isabella,Martínez,isabella.martínez.608@example.com
609,Martina,Rodríguez,martina.rodríguez.609@example.com
610,Emma,Rojas,emma.rojas.610@example.com
611,Santiago,Silva,santiago.silva.611@example.com
612,Isabella,Medina,isabella.medina.612@example.com
613,Felipe,Sánchez,felipe.sánchez.613@example.com
614,Lara,Medina,lara.medina.614@example.com
615,Martina,Martínez,martina.martínez.615@example.com
616,Lucía,Rodríguez,lucía.rodríguez.616@example.com
617,Lucía,Molina,lucía.molina.617@example.com
618,Isabella,Silva,isabella.silva.618@example.com
619,Martina,González,martina.gonzález.619@example.com
620,María,Ruiz,maría.ruiz.620@example.com
621,Lara,Fernández,lara.fernández.621@example.com
622,Joaquín,Díaz,joaquín.díaz.622@example.com
623,Mateo,Díaz,mateo.díaz.623@example.com
624,Isabella,Romero,isabella.romero.624@example.com
625,Santiago,González,santiago.gonzález.625@example.com
626,Emma,Acosta,emma.acosta.626@example.com
627,Lucía,Sánchez,lucía.sánchez.627@example.com
628,Joaquín,Molina,joaquín.molina.628@example.com
629,Joaquín,Acosta,joaquín.acosta.629@example.com
630,Olivia,Martínez,olivia.martínez.630@example.com
631,Lucía,Medina,lucía.medina.631@example.com
632,Valentina,Rodríguez,valentina.rodríguez.632@example.com
633,Valentina,Díaz,valentina.díaz.633@example.com
634,María,González,maría.gonzález.634@example.com
635,Felipe,Rojas,felipe.rojas.635@example.com
636,Juan,Sánchez,juan.sánchez.636@example.com
637,Tomás,Gómez,tomás.gómez.637@example.com
638,Alex,González,alex.gonzález.638@example.com
639,Tomás,Díaz,tomás.díaz.639@example.com
640,Joaquín,Torres,joaquín.torres.640@example.com
641,Martina,Sánchez,martina.sánchez.641@example.com
642,Alex,Medina,alex.medina.642@example.com
643,Benjamín,Fernández,benjamín.fernández.643@example.com
644,Emma,Díaz,emma.díaz.644@example.com
645,Lucía,Medina,lucía.medina.645@example.com
646,Camila,López,camila.lópez.646@example.com
647,Emma,Ruiz,emma.ruiz.647@example.com
648,Camila,Gómez,camila.gómez.648@example.com
649,Olivia,Sánchez,olivia.sánchez.649@example.com
650,María,Acosta,maría.acosta.650@example.com
651,Juan,Gómez,juan.gómez.651@example.com
652,Camila,Álvarez,camila.álvarez.652@example.com
653,Felipe,Rodríguez,felipe.rodríguez.653@example.com
654,Valentina,Medina,valentina.medina.654@example.com
655,Benjamín,Ruiz,benjamín.ruiz.655@example.com
656,Valentina,Romero,valentina.romero.656@example.com
657,Camila,Martínez,camila.martínez.657@example.com
658,Camila,Rodríguez,camila.rodríguez.658@example.com
659,Lara,Martínez,lara.martínez.659@example.com
660,Franco,Ruiz,franco.ruiz.660@example.com
661,Isabella,González,isabella.gonzález.661@example.com
662,Camila,Medina,camila.medina.662@example.com
663,Tomás,Álvarez,tomás.álvarez.663@example.com
664,Lara,Sánchez,lara.sánchez.664@example.com
665,Benjamín,Flores,benjamín.flores.665@example.com
666,Joaquín,López,joaquín.lópez.666@example.com
667,Valentina,Martínez,valentina.martínez.667@example.com
668,Tomás,Gómez,tomás.gómez.668@example.com
669,Lara,Medina,lara.medina.669@example.com
670,Emma,Silva,emma.silva.670@example.com
671,Alex,Rodríguez,alex.rodríguez.671@example.com
672,María,Silva,maría.silva.672@example.com
673,Alex,Sánchez,alex.sánchez.673@example.com
674,Franco,Molina,franco.molina.674@example.com
675,Franco,Fernández,franco.fernández.675@example.com
676,Valentina,Molina,valentina.molina.676@example.com
677,Santiago,Ruiz,santiago.ruiz.677@example.com
678,Valentina,Acosta,valentina.acosta.678@example.com
679,María,Rojas,maría.rojas.679@example.com
680,Juan,Fernández,juan.fernández.680@example.com
681,Benjamín,Díaz,benjamín.díaz.681@example.com
682,Benjamín,Álvarez,benjamín.álvarez.682@example.com
683,María,Rodríguez,maría.rodríguez.683@example.com
684,Santiago,Flores,santiago.flores.684@example.com
685,Camila,Martínez,camila.martínez.685@example.com
686,Isabella,Acosta,isabella.acosta.686@example.com
687,Lucía,Rodríguez,lucía.rodríguez.687@example.com
688,Lara,Acosta,lara.acosta.688@example.com
689,Franco,Torres,franco.torres.689@example.com
690,Felipe,Acosta,felipe.acosta.690@example.com
691,Juan,Díaz,juan.díaz.691@example.com
692,Camila,Medina,camila.medina.692@example.com
693,Tomás,Acosta,tomás.acosta.693@example.com
694,Lucas,Molina,lucas.molina.694@example.com
695,Felipe,Acosta,felipe.acosta.695@example.com
696,Tomás,Romero,tomás.romero.696@example.com
697,Lucas,Torres,lucas.torres.697@example.com
698,Martina,Rojas,martina.rojas.698@example.com
699,Camila,Fernández,camila.fernández.699@example.com
700,Isabella,Ruiz,isabella.ruiz.700@example.com
701,Franco,Molina,franco.molina.701@example.com
702,Martina,Romero,martina.romero.702@example.com
703,Camila,Silva,camila.silva.703@example.com
704,Martina,Fernández,martina.fernández.704@example.com
705,Camila,Álvarez,camila.álvarez.705@example.com
706,Olivia,Álvarez,olivia.álvarez.706@example.com
707,Lucía,Ruiz,lucía.ruiz.707@example.com
708,María,Torres,maría.torres.708@example.com
709,María,Ruiz,maría.ruiz.709@example.com
710,Martina,Rojas,martina.rojas.710@example.com
711,Olivia,Rodríguez,olivia.rodríguez.711@example.com
712,Mateo,Rojas,mateo.rojas.712@example.com
713,Isabella,Molina,isabella.molina.713@example.com
714,Joaquín,Molina,joaquín.molina.714@example.com
715,Isabella,Romero,isabella.romero.715@example.com
716,Joaquín,Molina,joaquín.molina.716@example.com
717,Lucas,Romero,lucas.romero.717@example.com
718,Valentina,Molina,valentina.molina.718@example.com
719,Mateo,Medina,mateo.medina.719@example.com
720,Santiago,Silva,santiago.silva.720@example.com
721,Benjamín,Ruiz,benjamín.ruiz.721@example.com
722,Isabella,López,isabella.lópez.722@example.com
723,Mateo,Sánchez,mateo.sánchez.723@example.com
724,Valentina,Silva,valentina.silva.724@example.com
725,Franco,Silva,franco.silva.725@example.com
726,Olivia,Sánchez,olivia.sánchez.726@example.com
727,Joaquín,Romero,joaquín.romero.727@example.com
728,Valentina,Molina,valentina.molina.728@example.com
729,Santiago,Rojas,santiago.rojas.729@example.com
730,Benjamín,Flores,benjamín.flores.730@example.com
731,Mateo,Medina,mateo.medina.731@example.com
732,Lucas,Díaz,lucas.díaz.732@example.com
733,Camila,Flores,camila.flores.733@example.com
734,Camila,Molina,camila.molina.734@example.com
735,Lara,Silva,lara.silva.735@example.com
736,Tomás,Martínez,tomás.martínez.736@example.com
737,Joaquín,Silva,joaquín.silva.737@example.com
738,Valentina,Romero,valentina.romero.738@example.com
739,Felipe,Silva,felipe.silva.739@example.com
740,Santiago,Flores,santiago.flores.740@example.com
741,Camila,Torres,camila.torres.741@example.com
742,Emma,Silva,emma.silva.742@example.com
743,Olivia,Medina,olivia.medina.743@example.com
744,Camila,Medina,camila.medina.744@example.com
745,Lucas,González,lucas.gonzález.745@example.com
746,María,Pérez,maría.pérez.746@example.com
747,Lucía,González,lucía.gonzález.747@example.com
748,Juan,Rodríguez,juan.rodríguez.748@example.com
749,Emma,Ruiz,emma.ruiz.749@example.com
750,Camila,González,camila.gonzález.750@example.com
751,Franco,García,franco.garcía.751@example.com
752,Santiago,Medina,santiago.medina.752@example.com
753,Benjamín,Flores,benjamín.flores.753@example.com
754,Mateo,Silva,mateo.silva.754@example.com
755,Benjamín,López,benjamín.lópez.755@example.com
756,Lucas,Silva,lucas.silva.756@example.com
757,Lucas,Silva,lucas.silva.757@example.com
758,Valentina,Ruiz,valentina.ruiz.758@example.com
759,Mateo,Martínez,mateo.martínez.759@example.com
760,María,Martínez,maría.martínez.760@example.com
761,Martina,Silva,martina.silva.761@example.com
762,María,Pérez,maría.pérez.762@example.com
763,Lucía,Gómez,lucía.gómez.763@example.com
764,Camila,Acosta,camila.acosta.764@example.com
765,Lara,Rojas,lara.rojas.765@example.com
766,Alex,Romero,alex.romero.766@example.com
767,Santiago,López,santiago.lópez.767@example.com
768,Martina,Álvarez,martina.álvarez.768@example.com
769,Franco,García,franco.garcía.769@example.com
770,Valentina,Díaz,valentina.díaz.770@example.com
771,Alex,Medina,alex.medina.771@example.com
772,Sofía,Silva,sofía.silva.772@example.com
773,Lucía,Álvarez,lucía.álvarez.773@example.com
774,Martina,Medina,martina.medina.774@example.com
775,Alex,Gómez,alex.gómez.775@example.com
776,Lucía,Flores,lucía.flores.776@example.com
777,Santiago,Rodríguez,santiago.rodríguez.777@example.com
778,Emma,Álvarez,emma.álvarez.778@example.com
779,Santiago,Torres,santiago.torres.779@example.com
780,Camila,Fernández,camila.fernández.780@example.com
781,Lara,Silva,lara.silva.781@example.com
782,Lara,García,lara.garcía.782@example.com
783,Isabella,Álvarez,isabella.álvarez.783@example.com
784,Franco,González,franco.gonzález.784@example.com
785,Tomás,García,tomás.garcía.785@example.com
786,Mateo,Martínez,mateo.martínez.786@example.com
787,Joaquín,Romero,joaquín.romero.787@example.com
788,Valentina,Rojas,valentina.rojas.788@example.com
789,Tomás,Rodríguez,tomás.rodríguez.789@example.com
790,Olivia,Rodríguez,olivia.rodríguez.790@example.com
791,Emma,Martínez,emma.martínez.791@example.com
792,Juan,Pérez,juan.pérez.792@example.com
793,Mateo,Gómez,mateo.gómez.793@example.com
794,Franco,Medina,franco.medina.794@example.com
795,Franco,Rojas,franco.rojas.795@example.com
796,María,González,maría.gonzález.796@example.com
797,Lucía,Molina,lucía.molina.797@example.com
798,Olivia,Fernández,olivia.fernández.798@example.com
799,Alex,Ruiz,alex.ruiz.799@example.com
800,Joaquín,Gómez,joaquín.gómez.800@example.com
801,Lara,Rojas,lara.rojas.801@example.com
802,Tomás,García,tomás.garcía.802@example.com
803,Emma,Pérez,emma.pérez.803@example.com
804,María,Medina,maría.medina.804@example.com
805,Joaquín,Álvarez,joaquín.álvarez.805@example.com
806,Lucas,Ruiz,lucas.ruiz.806@example.com
807,Valentina,Ruiz,valentina.ruiz.807@example.com
808,Santiago,Silva,santiago.silva.808@example.com
809,Isabella,López,isabella.lópez.809@example.com
810,Martina,Martínez,martina.martínez.810@example.com
811,Lucas,Molina,lucas.molina.811@example.com
812,Isabella,González,isabella.gonzález.812@example.com
813,Franco,Ruiz,franco.ruiz.813@example.com
814,Juan,Molina,juan.molina.814@example.com
815,Benjamín,Molina,benjamín.molina.815@example.com
816,Martina,González,martina.gonzález.816@example.com
817,Valentina,Rodríguez,valentina.rodríguez.817@example.com
818,Franco,Martínez,franco.martínez.818@example.com
819,Mateo,García,mateo.garcía.819@example.com
820,Isabella,Rojas,isabella.rojas.820@example.com
821,Lucas,Sánchez,lucas.sánchez.821@example.com
822,Emma,Gómez,emma.gómez.822@example.com
823,Lara,González,lara.gonzález.823@example.com
824,Lucas,García,lucas.garcía.824@example.com
825,Emma,Silva,emma.silva.825@example.com
826,Isabella,Rojas,isabella.rojas.826@example.com
827,Martina,Rojas,martina.rojas.827@example.com
828,Juan,Torres,juan.torres.828@example.com
829,Camila,Ruiz,camila.ruiz.829@example.com
830,Emma,Gómez,emma.gómez.830@example.com
831,Lucas,Martínez,lucas.martínez.831@example.com
832,Mateo,Pérez,mateo.pérez.832@example.com
833,Emma,Pérez,emma.pérez.833@example.com
834,Lucía,Fernández,lucía.fernández.834@example.com
835,Lucas,Rodríguez,lucas.rodríguez.835@example.com
836,Lara,Díaz,lara.díaz.836@example.com
837,Isabella,Gómez,isabella.gómez.837@example.com
838,Joaquín,Acosta,joaquín.acosta.838@example.com
839,Isabella,Martínez,isabella.martínez.839@example.com
840,Camila,González,camila.gonzález.840@example.com
841,Camila,Álvarez,camila.álvarez.841@example.com
842,Emma,Gómez,emma.gómez.842@example.com
843,Mateo,Acosta,mateo.acosta.843@example.com
844,Isabella,Díaz,isabella.díaz.844@example.com
845,María,Díaz,maría.díaz.845@example.com
846,Valentina,López,valentina.lópez.846@example.com
847,Alex,Martínez,alex.martínez.847@example.com
848,Camila,Acosta,camila.acosta.848@example.com
849,María,Martínez,maría.martínez.849@example.com
850,María,Flores,maría.flores.850@example.com
851,Lucas,Silva,lucas.silva.851@example.com
852,Joaquín,Fernández,joaquín.fernández.852@example.com
853,Mateo,Sánchez,mateo.sánchez.853@example.com
854,Martina,García,martina.garcía.854@example.com
855,Mateo,Romero,mateo.romero.855@example.com
856,Juan,Martínez,juan.martínez.856@example.com
857,Emma,Molina,emma.molina.857@example.com
858,Lara,Medina,lara.medina.858@example.com
859,Alex,López,alex.lópez.859@example.com
860,Valentina,Martínez,valentina.martínez.860@example.com
861,Lucas,Rodríguez,lucas.rodríguez.861@example.com
862,María,Díaz,maría.díaz.862@example.com
863,Tomás,Gómez,tomás.gómez.863@example.com
864,Olivia,Martínez,olivia.martínez.864@example.com
865,Felipe,Flores,felipe.flores.865@example.com
866,Martina,López,martina.lópez.866@example.com
867,Lara,Molina,lara.molina.867@example.com
868,Lucas,Sánchez,lucas.sánchez.868@example.com
869,Juan,Flores,juan.flores.869@example.com
870,Benjamín,González,benjamín.gonzález.870@example.com
871,Benjamín,Acosta,benjamín.acosta.871@example.com
872,Benjamín,González,benjamín.gonzález.872@example.com
873,Alex,Silva,alex.silva.873@example.com
874,Tomás,Martínez,tomás.martínez.874@example.com
875,Tomás,Díaz,tomás.díaz.875@example.com
876,Franco,Díaz,franco.díaz.876@example.com
877,Joaquín,Pérez,joaquín.pérez.877@example.com
878,María,Flores,maría.flores.878@example.com
879,Camila,González,camila.gonzález.879@example.com
880,Mateo,Fernández,mateo.fernández.880@example.com
881,Tomás,García,tomás.garcía.881@example.com
882,Joaquín,Sánchez,joaquín.sánchez.882@example.com
883,Sofía,Romero,sofía.romero.883@example.com
884,Emma,Torres,emma.torres.884@example.com
885,Emma,Torres,emma.torres.885@example.com
886,Martina,Gómez,martina.gómez.886@example.com
887,María,Medina,maría.medina.887@example.com
888,Benjamín,Romero,benjamín.romero.888@example.com
889,María,Díaz,maría.díaz.889@example.com
890,Sofía,Pérez,sofía.pérez.890@example.com
891,Alex,Martínez,alex.martínez.891@example.com
892,Tomás,González,tomás.gonzález.892@example.com
893,Santiago,García,santiago.garcía.893@example.com
894,Sofía,Rodríguez,sofía.rodríguez.894@example.com
895,Lucía,Acosta,lucía.acosta.895@example.com
896,Valentina,González,valentina.gonzález.896@example.com
897,Sofía,Acosta,sofía.acosta.897@example.com
898,Felipe,Pérez,felipe.pérez.898@example.com
899,Martina,Díaz,martina.díaz.899@example.com
900,Olivia,López,olivia.lópez.900@example.com
901,Santiago,Flores,santiago.flores.901@example.com
902,Mateo,González,mateo.gonzález.902@example.com
903,Juan,Silva,juan.silva.903@example.com
904,Lucas,López,lucas.lópez.904@example.com
905,María,Fernández,maría.fernández.905@example.com
906,Mateo,Rodríguez,mateo.rodríguez.906@example.com
907,Sofía,Rojas,sofía.rojas.907@example.com
908,Franco,Rojas,franco.rojas.908@example.com
909,Alex,Pérez,alex.pérez.909@example.com
910,Sofía,Álvarez,sofía.álvarez.910@example.com
911,Sofía,Molina,sofía.molina.911@example.com
912,Juan,Pérez,juan.pérez.912@example.com
913,Lucas,Torres,lucas.torres.913@example.com
914,Lucas,Silva,lucas.silva.914@example.com
915,Joaquín,Fernández,joaquín.fernández.915@example.com
916,Camila,Martínez,camila.martínez.916@example.com
917,Camila,Silva,camila.silva.917@example.com
918,Camila,Molina,camila.molina.918@example.com
919,Lucas,Díaz,lucas.díaz.919@example.com
920,Alex,Rodríguez,alex.rodríguez.920@example.com
921,Benjamín,González,benjamín.gonzález.921@example.com
922,Alex,Díaz,alex.díaz.922@example.com
923,Sofía,Flores,sofía.flores.923@example.com
924,Lara,Gómez,lara.gómez.924@example.com
925,Lara,Torres,lara.torres.925@example.com
926,Felipe,Martínez,felipe.martínez.926@example.com
927,Sofía,Rojas,sofía.rojas.927@example.com
928,Santiago,Ruiz,santiago.ruiz.928@example.com
929,Franco,González,franco.gonzález.929@example.com
930,Benjamín,Medina,benjamín.medina.930@example.com
931,Olivia,Gómez,olivia.gómez.931@example.com
932,Franco,Rojas,franco.rojas.932@example.com
933,Isabella,López,isabella.lópez.933@example.com
934,Lucas,Torres,lucas.torres.934@example.com
935,Lucía,López,lucía.lópez.935@example.com
936,Lara,Pérez,lara.pérez.936@example.com
937,Tomás,García,tomás.garcía.937@example.com
938,María,Ruiz,maría.ruiz.938@example.com
939,Santiago,Molina,santiago.molina.939@example.com
940,Santiago,Molina,santiago.molina.940@example.com
941,Martina,Rodríguez,martina.rodríguez.941@example.com
942,Lucía,García,lucía.garcía.942@example.com
943,Benjamín,González,benjamín.gonzález.943@example.com
944,Martina,Acosta,martina.acosta.944@example.com
945,Valentina,Silva,valentina.silva.945@example.com
946,Franco,López,franco.lópez.946@example.com
947,Lara,Medina,lara.medina.947@example.com
948,Valentina,Molina,valentina.molina.948@example.com
949,Isabella,Díaz,isabella.díaz.949@example.com
950,Alex,Sánchez,alex.sánchez.950@example.com
951,Isabella,Medina,isabella.medina.951@example.com
952,Franco,Silva,franco.silva.952@example.com
953,Lucas,González,lucas.gonzález.953@example.com
954,Camila,Acosta,camila.acosta.954@example.com
955,Santiago,Álvarez,santiago.álvarez.955@example.com
956,Sofía,Díaz,sofía.díaz.956@example.com
957,Tomás,López,tomás.lópez.957@example.com
958,Isabella,Medina,isabella.medina.958@example.com
959,Tomás,Rojas,tomás.rojas.959@example.com
960,Martina,Silva,martina.silva.960@example.com
961,Valentina,López,valentina.lópez.961@example.com
962,Joaquín,López,joaquín.lópez.962@example.com
963,Juan,Silva,juan.silva.963@example.com
964,Camila,López,camila.lópez.964@example.com
965,Joaquín,Sánchez,joaquín.sánchez.965@example.com
966,Valentina,Fernández,valentina.fernández.966@example.com
967,Franco,Gómez,franco.gómez.967@example.com
968,Felipe,López,felipe.lópez.968@example.com
969,Mateo,Torres,mateo.torres.969@example.com
970,Tomás,Rodríguez,tomás.rodríguez.970@example.com
971,Joaquín,Gómez,joaquín.gómez.971@example.com
972,Juan,Martínez,juan.martínez.972@example.com
973,Camila,Flores,camila.flores.973@example.com
974,Franco,Torres,franco.torres.974@example.com
975,Sofía,Medina,sofía.medina.975@example.com
976,Olivia,Silva,olivia.silva.976@example.com
977,Olivia,Rodríguez,olivia.rodríguez.977@example.com
978,Benjamín,Flores,benjamín.flores.978@example.com
979,Lucía,Flores,lucía.flores.979@example.com
980,María,Martínez,maría.martínez.980@example.com
981,Isabella,Ruiz,isabella.ruiz.981@example.com
982,Lara,Pérez,lara.pérez.982@example.com
983,Mateo,Fernández,mateo.fernández.983@example.com
984,Juan,Medina,juan.medina.984@example.com
985,Isabella,Silva,isabella.silva.985@example.com
986,Lara,López,lara.lópez.986@example.com
987,Joaquín,Sánchez,joaquín.sánchez.987@example.com
988,Mateo,Fernández,mateo.fernández.988@example.com
989,Franco,Díaz,franco.díaz.989@example.com
990,Alex,Molina,alex.molina.990@example.com
991,Martina,Ruiz,martina.ruiz.991@example.com
992,Lucas,Díaz,lucas.díaz.992@example.com
993,Mateo,López,mateo.lópez.993@example.com
994,Sofía,Rojas,sofía.rojas.994@example.com
995,Sofía,Fernández,sofía.fernández.995@example.com
996,Franco,Molina,franco.molina.996@example.com
997,Lara,Álvarez,lara.álvarez.997@example.com
998,Santiago,Torres,santiago.torres.998@example.com
999,Benjamín,Acosta,benjamín.acosta.999@example.com
1000,Olivia,Ruiz,olivia.ruiz.1000@example.com
1001,María,Rojas,maría.rojas.1001@example.com
1002,Felipe,Molina,felipe.molina.1002@example.com
1003,Franco,Romero,franco.romero.1003@example.com
1004,Franco,Rojas,franco.rojas.1004@example.com
1005,Mateo,Molina,mateo.molina.1005@example.com
1006,María,González,maría.gonzález.1006@example.com
1007,Franco,Ruiz,franco.ruiz.1007@example.com
1008,Alex,Pérez,alex.pérez.1008@example.com
1009,Benjamín,Medina,benjamín.medina.1009@example.com
1010,Camila,Romero,camila.romero.1010@example.com
1011,Valentina,Romero,valentina.romero.1011@example.com
1012,Sofía,López,sofía.lópez.1012@example.com
1013,Camila,Flores,camila.flores.1013@example.com
1014,Benjamín,Rojas,benjamín.rojas.1014@example.com
1015,Valentina,Rojas,valentina.rojas.1015@example.com
1016,Lucía,Díaz,lucía.díaz.1016@example.com
1017,Mateo,Rojas,mateo.rojas.1017@example.com
1018,Camila,Rodríguez,camila.rodríguez.1018@example.com
1019,Santiago,Flores,santiago.flores.1019@example.com
1020,Benjamín,Martínez,benjamín.martínez.1020@example.com
1021,Juan,Flores,juan.flores.1021@example.com
1022,Lucía,Pérez,lucía.pérez.1022@example.com
1023,Camila,López,camila.lópez.1023@example.com
1024,Valentina,Rodríguez,valentina.rodríguez.1024@example.com
1025,Alex,Sánchez,alex.sánchez.1025@example.com
1026,Martina,Rodríguez,martina.rodríguez.1026@example.com
1027,Lara,Sánchez,lara.sánchez.1027@example.com
1028,Valentina,Sánchez,valentina.sánchez.1028@example.com
1029,Emma,López,emma.lópez.1029@example.com
1030,María,Pérez,maría.pérez.1030@example.com
1031,Lucía,Sánchez,lucía.sánchez.1031@example.com
1032,Franco,Romero,franco.romero.1032@example.com
1033,Felipe,Rodríguez,felipe.rodríguez.1033@example.com
1034,Isabella,Martínez,isabella.martínez.1034@example.com
1035,Benjamín,Romero,benjamín.romero.1035@example.com
1036,Martina,Rojas,martina.rojas.1036@example.com
1037,Martina,Sánchez,martina.sánchez.1037@example.com
1038,Tomás,Gómez,tomás.gómez.1038@example.com
1039,Isabella,Martínez,isabella.martínez.1039@example.com
1040,Martina,Acosta,martina.acosta.1040@example.com
1041,Felipe,Flores,felipe.flores.1041@example.com
1042,Olivia,Fernández,olivia.fernández.1042@example.com
1043,Lucas,García,lucas.garcía.1043@example.com
1044,Lara,Ruiz,lara.ruiz.1044@example.com
1045,Felipe,Torres,felipe.torres.1045@example.com
1046,Lara,Romero,lara.romero.1046@example.com
1047,Lara,Acosta,lara.acosta.1047@example.com
1048,Lucas,Fernández,lucas.fernández.1048@example.com
1049,Juan,Molina,juan.molina.1049@example.com
1050,Felipe,Rodríguez,felipe.rodríguez.1050@example.com
1051,Lucía,López,lucía.lópez.1051@example.com
1052,Valentina,Pérez,valentina.pérez.1052@example.com
1053,Joaquín,Álvarez,joaquín.álvarez.1053@example.com
1054,Lucía,Sánchez,lucía.sánchez.1054@example.com
1055,Alex,Silva,alex.silva.1055@example.com
1056,Alex,Gómez,alex.gómez.1056@example.com
1057,Isabella,Torres,isabella.torres.1057@example.com
1058,Felipe,López,felipe.lópez.1058@example.com
1059,Lucía,Sánchez,lucía.sánchez.1059@example.com
1060,Juan,González,juan.gonzález.1060@example.com
1061,Lucía,García,lucía.garcía.1061@example.com
1062,Franco,Ruiz,franco.ruiz.1062@example.com
1063,Lucas,Flores,lucas.flores.1063@example.com
1064,Franco,González,franco.gonzález.1064@example.com
1065,Emma,Ruiz,emma.ruiz.1065@example.com
1066,Sofía,Rojas,sofía.rojas.1066@example.com
1067,Juan,López,juan.lópez.1067@example.com
1068,Olivia,García,olivia.garcía.1068@example.com
1069,Felipe,García,felipe.garcía.1069@example.com
1070,Camila,Silva,camila.silva.1070@example.com
1071,Felipe,Rojas,felipe.rojas.1071@example.com
1072,Benjamín,Martínez,benjamín.martínez.1072@example.com
1073,Sofía,Acosta,sofía.acosta.1073@example.com
1074,Franco,González,franco.gonzález.1074@example.com
1075,Juan,Díaz,juan.díaz.1075@example.com
1076,Emma,González,emma.gonzález.1076@example.com
1077,Martina,Álvarez,martina.álvarez.1077@example.com
1078,Mateo,Medina,mateo.medina.1078@example.com
1079,Franco,López,franco.lópez.1079@example.com
1080,Tomás,Flores,tomás.flores.1080@example.com
1081,Sofía,Díaz,sofía.díaz.1081@example.com
1082,Martina,Torres,martina.torres.1082@example.com
1083,Isabella,Torres,isabella.torres.1083@example.com
1084,Alex,Sánchez,alex.sánchez.1084@example.com
1085,Olivia,Rodríguez,olivia.rodríguez.1085@example.com
1086,Franco,Díaz,franco.díaz.1086@example.com
1087,Lara,Torres,lara.torres.1087@example.com
1088,Olivia,Romero,olivia.romero.1088@example.com
1089,Lucas,González,lucas.gonzález.1089@example.com
1090,Joaquín,Fernández,joaquín.fernández.1090@example.com
1091,Tomás,Sánchez,tomás.sánchez.1091@example.com
1092,Sofía,Molina,sofía.molina.1092@example.com
1093,María,García,maría.garcía.1093@example.com
1094,María,Martínez,maría.martínez.1094@example.com
1095,Emma,Ruiz,emma.ruiz.1095@example.com
1096,Mateo,García,mateo.garcía.1096@example.com
1097,Camila,Rodríguez,camila.rodríguez.1097@example.com
1098,Martina,García,martina.garcía.1098@example.com
1099,Mateo,Acosta,mateo.acosta.1099@example.com
1100,Franco,Fernández,franco.fernández.1100@example.com
1101,Sofía,García,sofía.garcía.1101@example.com
1102,Alex,Acosta,alex.acosta.1102@example.com
1103,Isabella,Díaz,isabella.díaz.1103@example.com
1104,Olivia,Acosta,olivia.acosta.1104@example.com
1105,Tomás,González,tomás.gonzález.1105@example.com
1106,Lara,Silva,lara.silva.1106@example.com
1107,Isabella,Rodríguez,isabella.rodríguez.1107@example.com
1108,Lucas,Romero,lucas.romero.1108@example.com
1109,Mateo,Silva,mateo.silva.1109@example.com
1110,Isabella,Fernández,isabella.fernández.1110@example.com
1111,Martina,Pérez,martina.pérez.1111@example.com
1112,Felipe,Torres,felipe.torres.1112@example.com
1113,Lucas,Flores,lucas.flores.1113@example.com
1114,Sofía,Romero,sofía.romero.1114@example.com
1115,Valentina,Medina,valentina.medina.1115@example.com
1116,Lara,Gómez,lara.gómez.1116@example.com
1117,Alex,Acosta,alex.acosta.1117@example.com
1118,Lucía,González,lucía.gonzález.1118@example.com
1119,Martina,Molina,martina.molina.1119@example.com
1120,María,Acosta,maría.acosta.1120@example.com
1121,Valentina,Ruiz,valentina.ruiz.1121@example.com
1122,María,Rojas,maría.rojas.1122@example.com
1123,Lara,Martínez,lara.martínez.1123@example.com
1124,Joaquín,Martínez,joaquín.martínez.1124@example.com
1125,Tomás,Rojas,tomás.rojas.1125@example.com
1126,Alex,Acosta,alex.acosta.1126@example.com
1127,Lara,Sánchez,lara.sánchez.1127@example.com
1128,Valentina,López,valentina.lópez.1128@example.com
1129,Tomás,Martínez,tomás.martínez.1129@example.com
1130,Franco,García,franco.garcía.1130@example.com
1131,Joaquín,González,joaquín.gonzález.1131@example.com
1132,María,Molina,maría.molina.1132@example.com
1133,Tomás,Flores,tomás.flores.1133@example.com
1134,Sofía,Pérez,sofía.pérez.1134@example.com
1135,Mateo,Martínez,mateo.martínez.1135@example.com
1136,Benjamín,Pérez,benjamín.pérez.1136@example.com
1137,María,Rodríguez,maría.rodríguez.1137@example.com
1138,Felipe,Medina,felipe.medina.1138@example.com
1139,Lara,Rojas,lara.rojas.1139@example.com
1140,María,Romero,maría.romero.1140@example.com
1141,Isabella,Gómez,isabella.gómez.1141@example.com
1142,Joaquín,López,joaquín.lópez.1142@example.com
1143,Isabella,Álvarez,isabella.álvarez.1143@example.com
1144,Emma,Pérez,emma.pérez.1144@example.com
1145,Lucía,Fernández,lucía.fernández.1145@example.com
1146,Camila,Gómez,camila.gómez.1146@example.com
1147,Lara,Silva,lara.silva.1147@example.com
1148,Felipe,Pérez,felipe.pérez.1148@example.com
1149,Alex,Ruiz,alex.ruiz.1149@example.com
1150,Joaquín,Rojas,joaquín.rojas.1150@example.com
1151,Joaquín,Rodríguez,joaquín.rodríguez.1151@example.com
1152,Joaquín,Medina,joaquín.medina.1152@example.com
1153,Felipe,Gómez,felipe.gómez.1153@example.com
1154,Valentina,López,valentina.lópez.1154@example.com
1155,Felipe,Sánchez,felipe.sánchez.1155@example.com
1156,Martina,López,martina.lópez.1156@example.com
1157,Martina,González,martina.gonzález.1157@example.com
1158,Olivia,Rodríguez,olivia.rodríguez.1158@example.com
1159,Lara,Pérez,lara.pérez.1159@example.com
1160,Olivia,Álvarez,olivia.álvarez.1160@example.com
1161,Martina,Molina,martina.molina.1161@example.com
1162,Lucas,Pérez,lucas.pérez.1162@example.com
1163,María,Acosta,maría.acosta.1163@example.com
1164,Camila,Álvarez,camila.álvarez.1164@example.com
1165,Sofía,García,sofía.garcía.1165@example.com
1166,Olivia,Fernández,olivia.fernández.1166@example.com
1167,Martina,Molina,martina.molina.1167@example.com
1168,Martina,García,martina.garcía.1168@example.com
1169,Juan,Fernández,juan.fernández.1169@example.com
1170,Lucía,Pérez,lucía.pérez.1170@example.com
1171,Joaquín,Silva,joaquín.silva.1171@example.com
1172,Martina,González,martina.gonzález.1172@example.com
1173,Olivia,Romero,olivia.romero.1173@example.com
1174,Lara,Medina,lara.medina.1174@example.com
1175,Lara,López,lara.lópez.1175@example.com
1176,Tomás,Acosta,tomás.acosta.1176@example.com
1177,Santiago,Sánchez,santiago.sánchez.1177@example.com
1178,Benjamín,Martínez,benjamín.martínez.1178@example.com
1179,Tomás,Fernández,tomás.fernández.1179@example.com
1180,Emma,Álvarez,emma.álvarez.1180@example.com
1181,Santiago,López,santiago.lópez.1181@example.com
1182,Benjamín,Fernández,benjamín.fernández.1182@example.com
1183,Martina,Romero,martina.romero.1183@example.com
1184,Camila,Sánchez,camila.sánchez.1184@example.com
1185,Camila,Fernández,camila.fernández.1185@example.com
1186,Lucas,Fernández,lucas.fernández.1186@example.com
1187,Santiago,García,santiago.garcía.1187@example.com
1188,Tomás,Díaz,tomás.díaz.1188@example.com
1189,Juan,Medina,juan.medina.1189@example.com
1190,Sofía,Álvarez,sofía.álvarez.1190@example.com
1191,Isabella,Álvarez,isabella.álvarez.1191@example.com
1192,Martina,Silva,martina.silva.1192@example.com
1193,Martina,Sánchez,martina.sánchez.1193@example.com
1194,Lucía,Rojas,lucía.rojas.1194@example.com
1195,Felipe,Medina,felipe.medina.1195@example.com
1196,Alex,Ruiz,alex.ruiz.1196@example.com
1197,Lucas,Flores,lucas.flores.1197@example.com
1198,Mateo,Torres,mateo.torres.1198@example.com
1199,Lara,Sánchez,lara.sánchez.1199@example.com
1200,Alex,González,alex.gonzález.1200@example.com
1201,Benjamín,Ruiz,benjamín.ruiz.1201@example.com
1202,María,Díaz,maría.díaz.1202@example.com
1203,Lara,Acosta,lara.acosta.1203@example.com
1204,María,Álvarez,maría.álvarez.1204@example.com
1205,Mateo,Rojas,mateo.rojas.1205@example.com
1206,Santiago,Martínez,santiago.martínez.1206@example.com
1207,Sofía,Sánchez,sofía.sánchez.1207@example.com
1208,Valentina,Martínez,valentina.martínez.1208@example.com
1209,Camila,Romero,camila.romero.1209@example.com
1210,Santiago,Fernández,santiago.fernández.1210@example.com
1211,Lucía,Medina,lucía.medina.1211@example.com
1212,Camila,Martínez,camila.martínez.1212@example.com
1213,Valentina,Silva,valentina.silva.1213@example.com
1214,Lucas,Fernández,lucas.fernández.1214@example.com
1215,Lucía,González,lucía.gonzález.1215@example.com
1216,Martina,Molina,martina.molina.1216@example.com
1217,Benjamín,González,benjamín.gonzález.1217@example.com
1218,Lucía,Gómez,lucía.gómez.1218@example.com
1219,Joaquín,Fernández,joaquín.fernández.1219@example.com
1220,Sofía,Pérez,sofía.pérez.1220@example.com
1221,Felipe,Fernández,felipe.fernández.1221@example.com
1222,Alex,Fernández,alex.fernández.1222@example.com
1223,Mateo,Álvarez,mateo.álvarez.1223@example.com
1224,Santiago,Martínez,santiago.martínez.1224@example.com
1225,Lara,García,lara.garcía.1225@example.com
1226,Valentina,Pérez,valentina.pérez.1226@example.com
1227,María,Pérez,maría.pérez.1227@example.com
1228,Lara,Martínez,lara.martínez.1228@example.com
1229,Santiago,Torres,santiago.torres.1229@example.com
1230,María,Romero,maría.romero.1230@example.com
1231,Felipe,Álvarez,felipe.álvarez.1231@example.com
1232,Camila,Acosta,camila.acosta.1232@example.com
1233,Martina,Gómez,martina.gómez.1233@example.com
1234,Juan,Acosta,juan.acosta.1234@example.com
1235,Felipe,Fernández,felipe.fernández.1235@example.com
1236,Lucía,Torres,lucía.torres.1236@example.com
1237,Juan,Álvarez,juan.álvarez.1237@example.com
1238,María,Gómez,maría.gómez.1238@example.com
1239,Lara,Rojas,lara.rojas.1239@example.com
1240,Felipe,Molina,felipe.molina.1240@example.com
1241,Emma,López,emma.lópez.1241@example.com
1242,Felipe,Acosta,felipe.acosta.1242@example.com
1243,María,Rodríguez,maría.rodríguez.1243@example.com
1244,Isabella,Molina,isabella.molina.1244@example.com
1245,Juan,Medina,juan.medina.1245@example.com
1246,Benjamín,Acosta,benjamín.acosta.1246@example.com
1247,Lucas,Silva,lucas.silva.1247@example.com
1248,María,Torres,maría.torres.1248@example.com
1249,Martina,Rodríguez,martina.rodríguez.1249@example.com
1250,Felipe,Ruiz,felipe.ruiz.1250@example.com
1251,María,Rojas,maría.rojas.1251@example.com
1252,Felipe,Silva,felipe.silva.1252@example.com
1253,Emma,Acosta,emma.acosta.1253@example.com
1254,Camila,Rodríguez,camila.rodríguez.1254@example.com
1255,Santiago,Rojas,santiago.rojas.1255@example.com
1256,María,Ruiz,maría.ruiz.1256@example.com
1257,Sofía,Gómez,sofía.gómez.1257@example.com
1258,Juan,Sánchez,juan.sánchez.1258@example.com
1259,Camila,Rodríguez,camila.rodríguez.1259@example.com
1260,Joaquín,Díaz,joaquín.díaz.1260@example.com
1261,Isabella,Rojas,isabella.rojas.1261@example.com
1262,María,Pérez,maría.pérez.1262@example.com
1263,Franco,Sánchez,franco.sánchez.1263@example.com
1264,Juan,Silva,juan.silva.1264@example.com
1265,Lara,Torres,lara.torres.1265@example.com
1266,Lara,Romero,lara.romero.1266@example.com
1267,Joaquín,Pérez,joaquín.pérez.1267@example.com
1268,Benjamín,Ruiz,benjamín.ruiz.1268@example.com
1269,Isabella,Díaz,isabella.díaz.1269@example.com
1270,Alex,Medina,alex.medina.1270@example.com
1271,Martina,Díaz,martina.díaz.1271@example.com
1272,Olivia,Pérez,olivia.pérez.1272@example.com
1273,Benjamín,Ruiz,benjamín.ruiz.1273@example.com
1274,Joaquín,Díaz,joaquín.díaz.1274@example.com
1275,Franco,Gómez,franco.gómez.1275@example.com
1276,Alex,Gómez,alex.gómez.1276@example.com
1277,Lucas,Ruiz,lucas.ruiz.1277@example.com
1278,Mateo,Díaz,mateo.díaz.1278@example.com
1279,Sofía,Acosta,sofía.acosta.1279@example.com
1280,Franco,Sánchez,franco.sánchez.1280@example.com
1281,Juan,Torres,juan.torres.1281@example.com
1282,María,Rojas,maría.rojas.1282@example.com
1283,Lara,Medina,lara.medina.1283@example.com
1284,Franco,Fernández,franco.fernández.1284@example.com
1285,Tomás,Ruiz,tomás.ruiz.1285@example.com
1286,Emma,Flores,emma.flores.1286@example.com
1287,Lucas,Álvarez,lucas.álvarez.1287@example.com
1288,Joaquín,Acosta,joaquín.acosta.1288@example.com
1289,Santiago,Acosta,santiago.acosta.1289@example.com
1290,Franco,Rodríguez,franco.rodríguez.1290@example.com
1291,Emma,Silva,emma.silva.1291@example.com
1292,Lucas,Gómez,lucas.gómez.1292@example.com
1293,Emma,Sánchez,emma.sánchez.1293@example.com
1294,Valentina,Martínez,valentina.martínez.1294@example.com
1295,Sofía,Díaz,sofía.díaz.1295@example.com
1296,Joaquín,Romero,joaquín.romero.1296@example.com
1297,Emma,Medina,emma.medina.1297@example.com
1298,Martina,González,martina.gonzález.1298@example.com
1299,Lucía,González,lucía.gonzález.1299@example.com
1300,Lara,García,lara.garcía.1300@example.com
1301,Franco,Ruiz,franco.ruiz.1301@example.com
1302,Lucía,Díaz,lucía.díaz.1302@example.com
1303,Valentina,García,valentina.garcía.1303@example.com
1304,Lara,Gómez,lara.gómez.1304@example.com
1305,Martina,Pérez,martina.pérez.1305@example.com
1306,Isabella,Molina,isabella.molina.1306@example.com
1307,Santiago,Martínez,santiago.martínez.1307@example.com
1308,Joaquín,Flores,joaquín.flores.1308@example.com
1309,Valentina,Pérez,valentina.pérez.1309@example.com
1310,Felipe,Torres,felipe.torres.1310@example.com
1311,Benjamín,Pérez,benjamín.pérez.1311@example.com
1312,Benjamín,Díaz,benjamín.díaz.1312@example.com
1313,Lara,Flores,lara.flores.1313@example.com
1314,Isabella,Pérez,isabella.pérez.1314@example.com
1315,Juan,Fernández,juan.fernández.1315@example.com
1316,Felipe,Álvarez,felipe.álvarez.1316@example.com
1317,Emma,Medina,emma.medina.1317@example.com
1318,Lucía,Silva,lucía.silva.1318@example.com
1319,Olivia,Acosta,olivia.acosta.1319@example.com
1320,Juan,Romero,juan.romero.1320@example.com
1321,María,Romero,maría.romero.1321@example.com
1322,Santiago,Ruiz,santiago.ruiz.1322@example.com
1323,Olivia,Romero,olivia.romero.1323@example.com
1324,Lucía,Silva,lucía.silva.1324@example.com
1325,Valentina,López,valentina.lópez.1325@example.com
1326,Emma,Martínez,emma.martínez.1326@example.com
1327,Sofía,Flores,sofía.flores.1327@example.com
1328,Felipe,Fernández,felipe.fernández.1328@example.com
1329,Santiago,García,santiago.garcía.1329@example.com
1330,Olivia,Díaz,olivia.díaz.1330@example.com
1331,Olivia,Rojas,olivia.rojas.1331@example.com
1332,Felipe,Fernández,felipe.fernández.1332@example.com
1333,Isabella,Álvarez,isabella.álvarez.1333@example.com
1334,Lucía,González,lucía.gonzález.1334@example.com
1335,Emma,Molina,emma.molina.1335@example.com
1336,Camila,Rojas,camila.rojas.1336@example.com
1337,Camila,Rodríguez,camila.rodríguez.1337@example.com
1338,Isabella,Díaz,isabella.díaz.1338@example.com
1339,Alex,Pérez,alex.pérez.1339@example.com
1340,Lucía,Fernández,lucía.fernández.1340@example.com
1341,Franco,López,franco.lópez.1341@example.com
1342,Valentina,Acosta,valentina.acosta.1342@example.com
1343,Lara,Molina,lara.molina.1343@example.com
1344,Franco,Martínez,franco.martínez.1344@example.com
1345,Olivia,Romero,olivia.romero.1345@example.com
1346,Felipe,Medina,felipe.medina.1346@example.com
1347,Martina,Ruiz,martina.ruiz.1347@example.com
1348,Lucía,López,lucía.lópez.1348@example.com
1349,Joaquín,Sánchez,joaquín.sánchez.1349@example.com
1350,Olivia,Fernández,olivia.fernández.1350@example.com
1351,Lara,Díaz,lara.díaz.1351@example.com
1352,Alex,Fernández,alex.fernández.1352@example.com
1353,Isabella,Rodríguez,isabella.rodríguez.1353@example.com
1354,Lara,Flores,lara.flores.1354@example.com
1355,Mateo,Pérez,mateo.pérez.1355@example.com
1356,Joaquín,Silva,joaquín.silva.1356@example.com
1357,Mateo,Acosta,mateo.acosta.1357@example.com
1358,Franco,Molina,franco.molina.1358@example.com
1359,Juan,López,juan.lópez.1359@example.com
1360,Valentina,González,valentina.gonzález.1360@example.com
1361,Joaquín,Silva,joaquín.silva.1361@example.com
1362,Felipe,Ruiz,felipe.ruiz.1362@example.com
1363,Felipe,Acosta,felipe.acosta.1363@example.com
1364,Benjamín,Rojas,benjamín.rojas.1364@example.com
1365,Alex,Fernández,alex.fernández.1365@example.com
1366,Felipe,Rojas,felipe.rojas.1366@example.com
1367,Felipe,Torres,felipe.torres.1367@example.com
1368,Sofía,Medina,sofía.medina.1368@example.com
1369,Emma,Ruiz,emma.ruiz.1369@example.com
1370,Martina,Ruiz,martina.ruiz.1370@example.com
1371,Santiago,Flores,santiago.flores.1371@example.com
1372,Lucía,Sánchez,lucía.sánchez.1372@example.com
1373,Felipe,Martínez,felipe.martínez.1373@example.com
1374,Lucía,Martínez,lucía.martínez.1374@example.com
1375,Joaquín,Acosta,joaquín.acosta.1375@example.com
1376,Santiago,Díaz,santiago.díaz.1376@example.com
1377,Sofía,García,sofía.garcía.1377@example.com
1378,Lucas,Gómez,lucas.gómez.1378@example.com
1379,Sofía,Silva,sofía.silva.1379@example.com
1380,Sofía,Flores,sofía.flores.1380@example.com
1381,Franco,Molina,franco.molina.1381@example.com
1382,Olivia,Fernández,olivia.fernández.1382@example.com
1383,Mateo,Sánchez,mateo.sánchez.1383@example.com
1384,María,López,maría.lópez.1384@example.com
1385,Valentina,Flores,valentina.flores.1385@example.com
1386,Felipe,Romero,felipe.romero.1386@example.com
1387,Santiago,Ruiz,santiago.ruiz.1387@example.com
1388,Olivia,Ruiz,olivia.ruiz.1388@example.com
1389,Joaquín,Flores,joaquín.flores.1389@example.com
1390,Martina,López,martina.lópez.1390@example.com
1391,Juan,Romero,juan.romero.1391@example.com
1392,Sofía,Torres,sofía.torres.1392@example.com
1393,Olivia,Sánchez,olivia.sánchez.1393@example.com
1394,Santiago,González,santiago.gonzález.1394@example.com
1395,Isabella,Flores,isabella.flores.1395@example.com
1396,Santiago,Torres,santiago.torres.1396@example.com
1397,Sofía,Silva,sofía.silva.1397@example.com
1398,Lucas,Sánchez,lucas.sánchez.1398@example.com
1399,Camila,Martínez,camila.martínez.1399@example.com
1400,Tomás,Sánchez,tomás.sánchez.1400@example.com
1401,Sofía,Álvarez,sofía.álvarez.1401@example.com
1402,Sofía,Fernández,sofía.fernández.1402@example.com
1403,Camila,Gómez,camila.gómez.1403@example.com
1404,Santiago,Sánchez,santiago.sánchez.1404@example.com
1405,Olivia,Gómez,olivia.gómez.1405@example.com
1406,Martina,Fernández,martina.fernández.1406@example.com
1407,Juan,Rodríguez,juan.rodríguez.1407@example.com
1408,Martina,García,martina.garcía.1408@example.com
1409,Isabella,Díaz,isabella.díaz.1409@example.com
1410,Felipe,Ruiz,felipe.ruiz.1410@example.com
1411,Felipe,Flores,felipe.flores.1411@example.com
1412,María,Pérez,maría.pérez.1412@example.com
1413,María,Molina,maría.molina.1413@example.com
1414,Lara,Sánchez,lara.sánchez.1414@example.com
1415,Benjamín,Álvarez,benjamín.álvarez.1415@example.com
1416,Lucía,Rojas,lucía.rojas.1416@example.com
1417,Valentina,Martínez,valentina.martínez.1417@example.com
1418,Lucas,Álvarez,lucas.álvarez.1418@example.com
1419,Lara,Sánchez,lara.sánchez.1419@example.com
1420,Felipe,Molina,felipe.molina.1420@example.com
1421,Martina,Flores,martina.flores.1421@example.com
1422,Franco,Molina,franco.molina.1422@example.com
1423,Lucas,Rodríguez,lucas.rodríguez.1423@example.com
1424,Juan,Martínez,juan.martínez.1424@example.com
1425,Lucas,García,lucas.garcía.1425@example.com
1426,Lara,Medina,lara.medina.1426@example.com
1427,María,Silva,maría.silva.1427@example.com
1428,Tomás,Rojas,tomás.rojas.1428@example.com
1429,Isabella,Rojas,isabella.rojas.1429@example.com
1430,Joaquín,Martínez,joaquín.martínez.1430@example.com
1431,Isabella,Díaz,isabella.díaz.1431@example.com
1432,Mateo,Sánchez,mateo.sánchez.1432@example.com
1433,Benjamín,Ruiz,benjamín.ruiz.1433@example.com
1434,Alex,Rodríguez,alex.rodríguez.1434@example.com
1435,Joaquín,Romero,joaquín.romero.1435@example.com
1436,Valentina,Gómez,valentina.gómez.1436@example.com
1437,Olivia,Medina,olivia.medina.1437@example.com
1438,Camila,Flores,camila.flores.1438@example.com
1439,Joaquín,Gómez,joaquín.gómez.1439@example.com
1440,Tomás,Silva,tomás.silva.1440@example.com
1441,Martina,García,martina.garcía.1441@example.com
1442,Santiago,Silva,santiago.silva.1442@example.com
1443,Lucas,Flores,lucas.flores.1443@example.com
1444,Mateo,González,mateo.gonzález.1444@example.com
1445,Franco,Díaz,franco.díaz.1445@example.com
1446,Lara,Medina,lara.medina.1446@example.com
1447,Benjamín,García,benjamín.garcía.1447@example.com
1448,Joaquín,Pérez,joaquín.pérez.1448@example.com
1449,Emma,Flores,emma.flores.1449@example.com
1450,Valentina,Flores,valentina.flores.1450@example.com
1451,Alex,Molina,alex.molina.1451@example.com
1452,Joaquín,Silva,joaquín.silva.1452@example.com
1453,Lucas,García,lucas.garcía.1453@example.com
1454,Alex,Flores,alex.flores.1454@example.com
1455,Isabella,Martínez,isabella.martínez.1455@example.com
1456,Martina,Álvarez,martina.álvarez.1456@example.com
1457,Alex,Díaz,alex.díaz.1457@example.com
1458,Juan,Molina,juan.molina.1458@example.com
1459,Felipe,Álvarez,felipe.álvarez.1459@example.com
1460,Valentina,Torres,valentina.torres.1460@example.com
1461,Mateo,Silva,mateo.silva.1461@example.com
1462,Lara,López,lara.lópez.1462@example.com
1463,Olivia,Díaz,olivia.díaz.1463@example.com
1464,Franco,Díaz,franco.díaz.1464@example.com
1465,Joaquín,Rodríguez,joaquín.rodríguez.1465@example.com
1466,Emma,Fernández,emma.fernández.1466@example.com
1467,Olivia,Rodríguez,olivia.rodríguez.1467@example.com
1468,Joaquín,Silva,joaquín.silva.1468@example.com
1469,Camila,García,camila.garcía.1469@example.com
1470,Joaquín,García,joaquín.garcía.1470@example.com
1471,Benjamín,García,benjamín.garcía.1471@example.com
1472,Joaquín,González,joaquín.gonzález.1472@example.com
1473,Tomás,Fernández,tomás.fernández.1473@example.com
1474,Camila,Medina,camila.medina.1474@example.com
1475,María,Flores,maría.flores.1475@example.com
1476,Isabella,Romero,isabella.romero.1476@example.com
1477,Sofía,Flores,sofía.flores.1477@example.com
1478,María,Rodríguez,maría.rodríguez.1478@example.com
1479,María,Molina,maría.molina.1479@example.com
1480,Isabella,Flores,isabella.flores.1480@example.com
1481,Alex,Flores,alex.flores.1481@example.com
1482,María,González,maría.gonzález.1482@example.com
1483,Olivia,Díaz,olivia.díaz.1483@example.com
1484,Tomás,López,tomás.lópez.1484@example.com
1485,Lara,Ruiz,lara.ruiz.1485@example.com
1486,Lara,Silva,lara.silva.1486@example.com
1487,Franco,Romero,franco.romero.1487@example.com
1488,Lara,López,lara.lópez.1488@example.com
1489,Santiago,Pérez,santiago.pérez.1489@example.com
1490,Camila,Pérez,camila.pérez.1490@example.com
1491,Lara,Rojas,lara.rojas.1491@example.com
1492,Camila,Martínez,camila.martínez.1492@example.com
1493,Tomás,González,tomás.gonzález.1493@example.com
1494,Franco,Pérez,franco.pérez.1494@example.com
1495,Valentina,Torres,valentina.torres.1495@example.com
1496,Alex,García,alex.garcía.1496@example.com
1497,Benjamín,Flores,benjamín.flores.1497@example.com
1498,Alex,Pérez,alex.pérez.1498@example.com
1499,Mateo,Romero,mateo.romero.1499@example.com
1500,Alex,Martínez,alex.martínez.1500@example.com
